<rss version="2.0">
  <channel>
    <title>Hospitality Net Industry News</title>
    <description>Hospitality Net Industry News</description>
    <copyright>Copyright 1995-2022 Hospitality Net</copyright>
    <link>https://www.hospitalitynet.org/</link>
    <language>en-us</language>
    <lastBuildDate>Wed, 21 Sep 2022 11:57:43 +0100</lastBuildDate>
    <managingEditor>cs@hospitalitynet.com (Hospitality Net)</managingEditor>
    <webMaster>info@hospitalitynet.com (Hospitality Net)</webMaster>
    <generator>Hospitality Net RSS FeedGenerator</generator>
    <ttl>120</ttl>
    <item>
      <title>Guestrev is getting a makeover</title>
      <link>https://www.hospitalitynet.org/news/4112539.html</link>
      <guid isPermaLink="true">https://www.hospitalitynet.org/news/4112539.html</guid>
      <pubDate>Wed, 21 Sep 2022 11:19:35 +0200</pubDate>
      <image>https://www.hospitalitynet.org/picture/d_153080097.jpg</image>
      <description>Achieving total revenue optimization is always the goal, but you need the right RMS to get there. That’s why hoteliers choose Guestrev, a comprehensive revenue management solution built to supercharge profit for every segment of your business, using...</description>
    </item>
    <item>
      <title>10 indicators of what recruiters look for in a LinkedIn profile</title>
      <link>https://www.hospitalitynet.org/news/4112538.html</link>
      <guid isPermaLink="true">https://www.hospitalitynet.org/news/4112538.html</guid>
      <pubDate>Wed, 21 Sep 2022 11:03:16 +0200</pubDate>
      <image>https://www.hospitalitynet.org/picture/d_153000557.jpg</image>
      <description>LinkedIn is currently the most important professional social network in the world with more than 830 million users, over 50% of whom are between 25 and 34 years old. LinkedIn is useful for different reasons: networking, posting information, findings...</description>
    </item>
    <item>
      <title>Infor at Global Gaming Expo (G2E) 2022</title>
      <link>https://www.hospitalitynet.org/news/4112537.html</link>
      <guid isPermaLink="true">https://www.hospitalitynet.org/news/4112537.html</guid>
      <pubDate>Wed, 21 Sep 2022 10:46:41 +0200</pubDate>
      <image>https://www.hospitalitynet.org/picture/d_153005907.jpg</image>
      <description>The Infor Hospitality team will attend this year’s Global Gaming Expo aka G2E being held at The Venetian Resort in Las Vegas, NV October 11-13, 2022. To say that we’re excited to be there is almost a given. But we are. G2E is an extravaganza where t...</description>
    </item>
    <item>
      <title>Accelerating the transition to net-zero travel</title>
      <link>https://www.hospitalitynet.org/news/4112536.html</link>
      <guid isPermaLink="true">https://www.hospitalitynet.org/news/4112536.html</guid>
      <pubDate>Wed, 21 Sep 2022 10:44:00 +0200</pubDate>
      <image>https://www.hospitalitynet.org/picture/d_153064602.jpg</image>
      <description>The worsening effects of climate change have made decarbonization a top priority for many industries, including global travel and tourism, which accounts for between 8 and 11 percent of the world’s emissions.1 If nothing is done, the sector’s carbon...</description>
    </item>
    <item>
      <title>Hilton Expands Refugee Hiring Commitment During Tent US Business Summit</title>
      <link>https://www.hospitalitynet.org/news/4112535.html</link>
      <guid isPermaLink="true">https://www.hospitalitynet.org/news/4112535.html</guid>
      <pubDate>Wed, 21 Sep 2022 10:39:22 +0200</pubDate>
      <image>https://www.hospitalitynet.org/picture/d_153005436.jpg</image>
      <description>MCLEAN, Va. – As part of its ongoing commitment to create learning and career growth opportunities in the communities where it operates, Hilton has announced it will hire 1,500 additional refugees over the next three years at its managed and franchi...</description>
    </item>
    <item>
      <title>Digital Disruptions vs. Digital Transformation and What it means for the Future of Hotels</title>
      <link>https://www.hospitalitynet.org/news/4112534.html</link>
      <guid isPermaLink="true">https://www.hospitalitynet.org/news/4112534.html</guid>
      <pubDate>Wed, 21 Sep 2022 10:35:45 +0200</pubDate>
      <image>https://www.hospitalitynet.org/picture/d_153113200.jpg</image>
      <description>Digital disruption represents a transformation that is caused by emerging digital technologies and business models. These innovative new technologies and models can impact the value of existing products and services offered in the hotel industry. Di...</description>
    </item>
    <item>
      <title>Radisson Hotel Group cements presence in Middle East</title>
      <link>https://www.hospitalitynet.org/news/4112533.html</link>
      <guid isPermaLink="true">https://www.hospitalitynet.org/news/4112533.html</guid>
      <pubDate>Wed, 21 Sep 2022 10:33:24 +0200</pubDate>
      <image>https://www.hospitalitynet.org/picture/d_153087356.jpg</image>
      <description>Dubai, Brussels - Radisson Hotel Group cements its presence further as one of the largest international hotel groups in the region, with a growing portfolio of 77 hotels in operation and under development across the Middle East. At this year’s Futur...</description>
    </item>
    <item>
      <title>Radisson Blu arrives in Perth, the gateway to the Scottish Highlands</title>
      <link>https://www.hospitalitynet.org/announcement/41008525.html</link>
      <guid isPermaLink="true">https://www.hospitalitynet.org/announcement/41008525.html</guid>
      <pubDate>Wed, 21 Sep 2022 10:30:34 +0200</pubDate>
      <image>https://www.hospitalitynet.org/picture/d_153025757.jpg</image>
      <description>Radisson Hotel Group is delighted to announce the opening of Radisson Blu Hotel, Perth, the Scottish city on the River Tay known as the "Gateway to the Highlands" of Scotland. The hotel occupies a landmark property that first opened in 1890 as one o...</description>
    </item>
    <item>
      <title>Marriott International Set to Expand Its Middle East Footprint with the Anticipated Addition of Over 20 Properties Across the Gulf Countries by the End of 2023</title>
      <link>https://www.hospitalitynet.org/news/4112532.html</link>
      <guid isPermaLink="true">https://www.hospitalitynet.org/news/4112532.html</guid>
      <pubDate>Wed, 21 Sep 2022 10:14:00 +0200</pubDate>
      <image>https://www.hospitalitynet.org/picture/d_153001445.jpg</image>
      <description>From the Future Hospitality Summit in Dubai, Marriott International, Inc., today announced plans to expand its Middle East footprint with the expected addition of over 20 properties and more than 5,000 rooms across the Gulf countries over the next 1...</description>
    </item>
    <item>
      <title>Banyan Tree AlUla Debuts in Saudi Arabia</title>
      <link>https://www.hospitalitynet.org/announcement/41008524.html</link>
      <guid isPermaLink="true">https://www.hospitalitynet.org/announcement/41008524.html</guid>
      <pubDate>Wed, 21 Sep 2022 10:05:49 +0200</pubDate>
      <image>https://www.hospitalitynet.org/picture/d_153000782.jpg</image>
      <description>Banyan Tree launches its first property in historical AlUla in Saudi Arabia, ushering in the Group’s debut in the Kingdom. AlUla is attracting the attention of the world’s affluent travellers with its mesmerising mix of history, culture, and enterta...</description>
    </item>
    <item>
      <title>Maldives Tourism at an ‘Inflection Point’ Says QUO CEO</title>
      <link>https://www.hospitalitynet.org/news/4112531.html</link>
      <guid isPermaLink="true">https://www.hospitalitynet.org/news/4112531.html</guid>
      <pubDate>Wed, 21 Sep 2022 10:04:21 +0200</pubDate>
      <image>https://www.hospitalitynet.org/picture/d_153113894.jpg</image>
      <description>Malé, Maldives – Decisions stakeholders make today will define the next era of Maldives tourism, said QUO CEO David Keen during the keynote address at the sixth annual Hotelier Maldives GM Forum. He defined Maldives as a global icon and benchmark fo...</description>
    </item>
    <item>
      <title>Marriott to Bring EDITION Hotels Brand to Italy’s Lake Como</title>
      <link>https://www.hospitalitynet.org/announcement/41008523.html</link>
      <guid isPermaLink="true">https://www.hospitalitynet.org/announcement/41008523.html</guid>
      <pubDate>Wed, 21 Sep 2022 09:55:20 +0200</pubDate>
      <image>https://www.hospitalitynet.org/picture/d_153031911.jpg</image>
      <description>Marriott International, Inc. today announced it has signed an agreement with Bain Capital Credit and Omnam Group to bring its EDITION Hotels brand to Lake Como. Owned and developed by Bain Capital and Omnam Group through a fund managed by Kryalos SG...</description>
    </item>
    <item>
      <title>Lodging Interactive Launches Complete Digital Presence and Marketing Solution for Hospitality</title>
      <link>https://www.hospitalitynet.org/news/4112528.html</link>
      <guid isPermaLink="true">https://www.hospitalitynet.org/news/4112528.html</guid>
      <pubDate>Wed, 21 Sep 2022 09:49:00 +0200</pubDate>
      <image>https://www.hospitalitynet.org/picture/d_153063976.jpg</image>
      <description>Lodging Interactive, award-winning digital marketing, reputation management, and social media marketing agency exclusively serving the hospitality industry since 2001, announced the launch of its LodgingPLUS program, the complete digital presence an...</description>
    </item>
    <item>
      <title>Landing Pages: From Engagement to Conversion</title>
      <link>https://www.hospitalitynet.org/news/4112503.html</link>
      <guid isPermaLink="true">https://www.hospitalitynet.org/news/4112503.html</guid>
      <pubDate>Wed, 21 Sep 2022 09:49:00 +0200</pubDate>
      <image>https://www.hospitalitynet.org/picture/d_153142587.jpg</image>
      <description>At Expedia Group Media Solutions, we know how important it is to create effective display ads and ads that stand out. But what happens when a travel shopper clicks on an ad? Leading travel shoppers to an engaging landing page where they can quickly ...</description>
    </item>
    <item>
      <title>Creative Uses for the Princess Cruise Medallion Technology in the Lodging and Hospitality Industry</title>
      <link>https://www.hospitalitynet.org/news/4112480.html</link>
      <guid isPermaLink="true">https://www.hospitalitynet.org/news/4112480.html</guid>
      <pubDate>Wed, 21 Sep 2022 09:48:00 +0200</pubDate>
      <image>https://www.hospitalitynet.org/picture/d_153116330.jpg</image>
      <description>Princess Cruises has created a device that unlocks a world of possibilities for cruise guests. The device is called Medallion, and it is a chip that can be worn as a necklace or bracelet that allows a guest to customize their experience. The Medalli...</description>
    </item>
    <item>
      <title>Revitalizing Architectural Gems with Carolyn Schneider</title>
      <link>https://www.hospitalitynet.org/news/4112438.html</link>
      <guid isPermaLink="true">https://www.hospitalitynet.org/news/4112438.html</guid>
      <pubDate>Wed, 21 Sep 2022 09:47:00 +0200</pubDate>
      <image>https://www.hospitalitynet.org/picture/d_153105708.jpg</image>
      <description>Overview Carolyn grew up in sunny Los Angeles and graduated from New York University. After working in New York City nightlife and restaurants, it was not long before she fell in love with hotels and started managing Events at Ace Hotel New York. Fr...</description>
    </item>
    <item>
      <title>Hong Kong Poly Research Concludes that Drone Food Delivery is Taking Off</title>
      <link>https://www.hospitalitynet.org/news/4112530.html</link>
      <guid isPermaLink="true">https://www.hospitalitynet.org/news/4112530.html</guid>
      <pubDate>Wed, 21 Sep 2022 09:45:12 +0200</pubDate>
      <image>https://www.hospitalitynet.org/picture/d_153005475.jpg</image>
      <description>Food delivery sales are expected to reach a remarkable US$365 billion worldwide by 2030. The growth of food delivery services has been accelerated by technological advances, including the emergence of drone technology. A major potential advantage of...</description>
    </item>
    <item>
      <title>Accor Brands as Vanguards of a Sustainable Hospitality Experience</title>
      <link>https://www.hospitalitynet.org/news/4112529.html</link>
      <guid isPermaLink="true">https://www.hospitalitynet.org/news/4112529.html</guid>
      <pubDate>Wed, 21 Sep 2022 09:36:00 +0200</pubDate>
      <image>https://www.hospitalitynet.org/picture/d_153000338.jpg</image>
      <description>Over the past several years, the expectations and desire for more sustainable and responsible travel have been gaining momentum. In fact, 73% of travelers now consider environmentally sustainable practices as a deciding factor when booking travel ac...</description>
    </item>
    <item>
      <title>STR: U.S. hotel performance for August 2022</title>
      <link>https://www.hospitalitynet.org/news/4112527.html</link>
      <guid isPermaLink="true">https://www.hospitalitynet.org/news/4112527.html</guid>
      <pubDate>Tue, 20 Sep 2022 22:24:00 +0200</pubDate>
      <image>https://www.hospitalitynet.org/picture/d_153000991.jpg</image>
      <description>HENDERSONVILLE, Tennessee - Following seasonal patterns, the U.S. hotel industry reported lower performance from the month prior, according to August 2022 data from STR. August 2022 (percentage change from August 2019): Occupancy: 66.5% (-6.7%) Aver...</description>
    </item>
    <item>
      <title>NewcrestImage &amp; Hospitality Capital Partners Acquire 16 Hotel Portfolio In Joint Venture</title>
      <link>https://www.hospitalitynet.org/news/4112526.html</link>
      <guid isPermaLink="true">https://www.hospitalitynet.org/news/4112526.html</guid>
      <pubDate>Tue, 20 Sep 2022 21:53:52 +0200</pubDate>
      <image>https://www.hospitalitynet.org/picture/d_153076773.jpg</image>
      <description>A joint venture of NewcrestImage and Hospitality Capital Partners (HCP) has reached definitive agreement to acquire 16 Marriott-branded hotels with a total of 2,155 rooms in nine states. The portfolio includes 13 Courtyard and three Residence Inn pr...</description>
    </item>
    <item>
      <title>Hotels Could Have Food-and-Beverage Staffing Issues For Many Years To Come</title>
      <link>https://www.hospitalitynet.org/news/4112525.html</link>
      <guid isPermaLink="true">https://www.hospitalitynet.org/news/4112525.html</guid>
      <pubDate>Tue, 20 Sep 2022 21:50:13 +0200</pubDate>
      <image>https://www.hospitalitynet.org/picture/d_153123047.jpg</image>
      <description>Even as they struggle to get by day to day, hotels are looking to recruiting efforts to stabilize their operations. Patrick Berwald, senior vice president of food and beverage for Pyramid Global Hospitality, said Pyramid has 180 full-service hotels ...</description>
    </item>
    <item>
      <title>Iconic Snowmass Resort Joins Autograph Collection Hotels Following $40 Million Transformation</title>
      <link>https://www.hospitalitynet.org/announcement/41008522.html</link>
      <guid isPermaLink="true">https://www.hospitalitynet.org/announcement/41008522.html</guid>
      <pubDate>Tue, 20 Sep 2022 21:45:09 +0200</pubDate>
      <image>https://www.hospitalitynet.org/picture/d_153029397.jpg</image>
      <description>Following a multi-million-dollar renovation, Viewline Resort Snowmass has officially joined Autograph Collection Hotels - Marriott Bonvoy’s diverse and dynamic collection of independent hotels championing individuality. In partnership with High Stre...</description>
    </item>
    <item>
      <title>SkyStem Releases New eBook – The Book of Secrets for the Month End Close</title>
      <link>https://www.hospitalitynet.org/news/4112524.html</link>
      <guid isPermaLink="true">https://www.hospitalitynet.org/news/4112524.html</guid>
      <pubDate>Tue, 20 Sep 2022 20:24:32 +0200</pubDate>
      <image>https://www.hospitalitynet.org/picture/d_153141413.jpg</image>
      <description>SkyStem LLC, a leading provider of automated month-end close and account reconciliation software is excited to announce the release of a new ebook, Book of Secrets for the Month-End Close. It’s no secret businesses struggle to meet their goals surro...</description>
    </item>
    <item>
      <title>2022 RFPs for Weddings are Up 55% from Pandemic Lows</title>
      <link>https://www.hospitalitynet.org/news/4112523.html</link>
      <guid isPermaLink="true">https://www.hospitalitynet.org/news/4112523.html</guid>
      <pubDate>Tue, 20 Sep 2022 20:11:24 +0200</pubDate>
      <image>https://www.hospitalitynet.org/picture/d_153022591.jpg</image>
      <description>The events business suffered catastrophic contraction during the first 2 years of the covid pandemic when state and local governments restricted gathering sizes or mandated shelter-at-home orders. It was no surprise that events contracted by 50% and...</description>
    </item>
    <item>
      <title>Sentipensante – The Perfect Word For Teaching The Spirit of Hospitality</title>
      <link>https://www.hospitalitynet.org/news/4112495.html</link>
      <guid isPermaLink="true">https://www.hospitalitynet.org/news/4112495.html</guid>
      <pubDate>Tue, 20 Sep 2022 17:30:00 +0200</pubDate>
      <image>https://www.hospitalitynet.org/picture/d_153014083.jpg</image>
      <description>Having written hospitality and sales training articles for over two decades now, I’m often asked “How do you continue to come up with new ideas every month?” Truth is that it’s actually quite easy when you’re out on the road conducting training just...</description>
    </item>
  </channel>
</rss>
